{"cameraMode":{"drawMode":0,"name":"Shaded","section":"Shading Mode"},"sceneLighting":true,"audioPlay":false,"sceneViewState":{"showFog":true,"showMaterialUpdate":false,"showSkybox":true,"showFlares":true,"showImageEffects":true,"showParticleSystems":true},"in2DMode":false,"pivot":{"x":0.18643628060817719,"y":-0.8582875728607178,"z":0.9382369518280029},"rotation":{"x":-0.059593841433525088,"y":0.795183539390564,"z":-0.5982527136802673,"w":-0.07925167679786682},"size":3.7330124378204347,"orthographic":false}